Run,geo_loc_name_country,geo_loc_name_country_continent,geographic_location_.country_and.or_sea.,Sitegroup,Region,geographic_location_.depth..m.,Site,latitude,longitude,Sample_Name
ERR4650773,Russia,Europe,Russia,North-East Siberia,Pan-Arctic,0,A,70.8353,147.42729,A01-1_BAC
ERR4650774,Russia,Europe,Russia,North-East Siberia,Pan-Arctic,0,A,70.8353,147.42729,A01-2_BAC
ERR4650775,Russia,Europe,Russia,North-East Siberia,Pan-Arctic,0,A,70.83535,147.42674,A02-1_BAC
ERR4650776,Russia,Europe,Russia,North-East Siberia,Pan-Arctic,0,A,70.83535,147.42674,A02-2_BAC
ERR4650777,Russia,Europe,Russia,North-East Siberia,Pan-Arctic,0,A,70.83516,147.4247,A03-3_BAC
ERR4650778,Russia,Europe,Russia,North-East Siberia,Pan-Arctic,0,A,70.83516,147.4247,A03-2_BAC
ERR4650779,Russia,Europe,Russia,North-East Siberia,Pan-Arctic,0,A,70.83511,147.42378,A04-1_BAC
ERR4650780,Russia,Europe,Russia,North-East Siberia,Pan-Arctic,0,A,70.83487,147.42218,A05-1_BAC
ERR4650781,Russia,Europe,Russia,North-East Siberia,Pan-Arctic,0,A,70.83483,147.42188,A06-1_BAC
ERR4650782,Russia,Europe,Russia,North-East Siberia,Pan-Arctic,0,A,70.83483,147.42188,A06-2_BAC
ERR4650783,Russia,Europe,Russia,North-East Siberia,Pan-Arctic,0,A,70.83461,147.41678,A08-1_BAC
ERR4650784,Russia,Europe,Russia,North-East Siberia,Pan-Arctic,0,A,70.83461,147.41678,A08-2_BAC
ERR4650785,Russia,Europe,Russia,North-East Siberia,Pan-Arctic,0,A,70.83437,147.41602,A09-1_BAC
ERR4650786,Russia,Europe,Russia,North-East Siberia,Pan-Arctic,0,A,70.83437,147.41602,A09-2_BAC
ERR4650787,Russia,Europe,Russia,North-East Siberia,Pan-Arctic,0,A,70.83546,147.42735,A10-1_BAC
ERR4650788,Russia,Europe,Russia,North-East Siberia,Pan-Arctic,0,A,70.83546,147.42735,A10-2_BAC
ERR4650789,Russia,Europe,Russia,North-East Siberia,Pan-Arctic,0,B,70.84275,147.45851,B01-1_BAC
ERR4650790,Russia,Europe,Russia,North-East Siberia,Pan-Arctic,0,B,70.84275,147.45851,B01b-1_BAC
ERR4650791,Russia,Europe,Russia,North-East Siberia,Pan-Arctic,0,B,70.84275,147.45851,B01b-2_BAC
ERR4650792,Russia,Europe,Russia,North-East Siberia,Pan-Arctic,0,B,70.84275,147.45851,B01bb-2_BAC
ERR4650793,Russia,Europe,Russia,North-East Siberia,Pan-Arctic,0,B,70.84309,147.45889,B02-1_BAC
ERR4650794,Russia,Europe,Russia,North-East Siberia,Pan-Arctic,0,B,70.84338,147.45911,B03-1_BAC
ERR4650795,Russia,Europe,Russia,North-East Siberia,Pan-Arctic,0,B,70.84338,147.45911,B03-2_BAC
ERR4650796,Russia,Europe,Russia,North-East Siberia,Pan-Arctic,0,B,70.84353,147.4595,B04-1_BAC
ERR4650797,Russia,Europe,Russia,North-East Siberia,Pan-Arctic,0,B,70.84353,147.4595,B04-2_BAC
ERR4650798,Russia,Europe,Russia,North-East Siberia,Pan-Arctic,0,B,70.8431,147.45995,B05-1_BAC
ERR4650799,Russia,Europe,Russia,North-East Siberia,Pan-Arctic,0,B,70.8431,147.45995,B05-2_BAC
ERR4650800,Russia,Europe,Russia,North-East Siberia,Pan-Arctic,0,B,70.84298,147.46222,B06-1_BAC
ERR4650801,Russia,Europe,Russia,North-East Siberia,Pan-Arctic,0,B,70.84169,147.46689,B07-1_BAC
ERR4650802,Russia,Europe,Russia,North-East Siberia,Pan-Arctic,0,B,70.84169,147.46689,B07-2_BAC
ERR4650803,Russia,Europe,Russia,North-East Siberia,Pan-Arctic,0,B,70.83977,147.46613,B08-2_BAC
ERR4650804,Russia,Europe,Russia,North-East Siberia,Pan-Arctic,0,B,70.84078,147.46773,B09-1_BAC
ERR4650805,Russia,Europe,Russia,North-East Siberia,Pan-Arctic,0,B,70.84089,147.46851,B10-1_BAC
ERR4650806,Russia,Europe,Russia,North-East Siberia,Pan-Arctic,0,B,70.84089,147.46851,B10-2_BAC
ERR4650807,Russia,Europe,Russia,North-East Siberia,Pan-Arctic,0,A,70.83487,147.42218,A05-2_BAC
ERR4650808,Russia,Europe,Russia,North-East Siberia,Pan-Arctic,0,A,70.83511,147.42378,A04-2_BAC
ERR4650809,Russia,Europe,Russia,North-East Siberia,Pan-Arctic,0,A,70.83504,147.41971,A07-2_BAC
ERR4650810,Russia,Europe,Russia,North-East Siberia,Pan-Arctic,0,B,70.84275,147.45851,B01bb-1_BAC
ERR4650811,Russia,Europe,Russia,North-East Siberia,Pan-Arctic,0,B,70.84298,147.46222,B06-2_BAC
ERR4650812,Russia,Europe,Russia,North-East Siberia,Pan-Arctic,0,B,70.83977,147.46613,B08-1_BAC
ERR4650813,Russia,Europe,Russia,North-East Siberia,Pan-Arctic,0,A,70.83504,147.41971,A07-1_BAC
ERR4650814,Russia,Europe,Russia,North-East Siberia,Pan-Arctic,0,B,70.84275,147.45851,B01-2_BAC
ERR4650815,Russia,Europe,Russia,North-East Siberia,Pan-Arctic,0,B,70.84078,147.46773,B09-2_BAC
ERR4650816,Russia,Europe,Russia,North-East Siberia,Pan-Arctic,0,B,70.84309,147.45889,B02-2_BAC
ERR2348819,Canada,North America,Canada,western Canadian Arctic,Pan-Arctic,0.1,C,68.32299,-133.846,C4
ERR2348820,Canada,North America,Canada,western Canadian Arctic,Pan-Arctic,0.1,C,68.3117,-133.72665,C5
ERR2348822,Canada,North America,Canada,western Canadian Arctic,Pan-Arctic,0.1,C,68.32299,-133.846,D1
ERR2348827,Canada,North America,Canada,western Canadian Arctic,Pan-Arctic,0.1,C,68.3117,-133.72665,D6
ERR2348831,Canada,North America,Canada,western Canadian Arctic,Pan-Arctic,0.1,C,68.32299,-133.846,E4
ERR2348833,Canada,North America,Canada,western Canadian Arctic,Pan-Arctic,0.1,C,68.3117,-133.72665,E6
ERR4404440,Russia,Europe,Russia,Northwestern Siberian,Pan-Arctic,1,SIL,67.53515,86.633933,SIL1AWT
ERR4404443,Russia,Europe,Russia,Northwestern Siberian,Pan-Arctic,1,SIL,67.53515,86.633933,SIL1BWT
ERR4404446,Russia,Europe,Russia,Northwestern Siberian,Pan-Arctic,2,SIL,67.51375,86.591957,SIL2AWT
ERR4404449,Russia,Europe,Russia,Northwestern Siberian,Pan-Arctic,2,SIL,67.51375,86.591957,SIL2BWT
ERR4404462,Russia,Europe,Russia,Northwestern Siberian,Pan-Arctic,4,SIL,67.52592,86.618864,SIL3AWT
ERR4404465,Russia,Europe,Russia,Northwestern Siberian,Pan-Arctic,4,SIL,67.52592,86.618864,SIL3BWT
ERR4404468,Russia,Europe,Russia,Northwestern Siberian,Pan-Arctic,1,SIL,67.524153,86.613244,SIL4AWT
ERR4404471,Russia,Europe,Russia,Northwestern Siberian,Pan-Arctic,1,SIL,67.524153,86.613244,SIL4BWT
ERR4404472,Russia,Europe,Russia,Northwestern Siberian,Pan-Arctic,NA,SIL,67.50515,86.603707,SIL5AWT
ERR4404473,Russia,Europe,Russia,Northwestern Siberian,Pan-Arctic,NA,SIL,67.50515,86.603707,SIL5BWT
ERR1742940,Canada,North America,Canada,Quebec sporadic permafrost zone,Pan-Arctic,0.55,SAS,55.226528,-77.696917,SAS 2A
ERR1742941,Canada,North America,Canada,Quebec sporadic permafrost zone,Pan-Arctic,0.15,SAS,55.226639,-77.696472,B1-B2
ERR1742942,Canada,North America,Canada,Quebec sporadic permafrost zone,Pan-Arctic,0.15,SAS,55.226667,-77.69675,SAS 2B
ERR1742943,Canada,North America,Canada,Quebec sporadic permafrost zone,Pan-Arctic,0.25,SAS,55.226806,-77.695611,SAS 2C
ERR1742944,Canada,North America,Canada,Quebec sporadic permafrost zone,Pan-Arctic,0.45,SAS,55.226806,-77.694444,SAS 2D
ERR1742945,Canada,North America,Canada,Quebec sporadic permafrost zone,Pan-Arctic,0.15,SAS,55.225667,-77.697167,G1
ERR1742946,Canada,North America,Canada,Quebec sporadic permafrost zone,Pan-Arctic,0.1,SAS,55.225167,-77.697111,I1-I2
ERR1742949,Canada,North America,Canada,Quebec sporadic permafrost zone,Pan-Arctic,0.15,SAS,55.226111,-77.696472,C2-C4
ERR1742958,Canada,North America,Canada,Quebec sporadic permafrost zone,Pan-Arctic,0,SAS,55.225667,-77.695833,I3
ERR1742960,Canada,North America,Canada,Quebec sporadic permafrost zone,Pan-Arctic,0,SAS,55.225611,-77.695889,J1 (B4)
ERR1742965,Canada,North America,Canada,Quebec sporadic permafrost zone,Pan-Arctic,0,SAS,55.226417,-77.695722,C5
SRR1515998,Canada,North America,Canada: Kuujjuarapik,Quebec sporadic permafrost zone,Pan-Arctic,0.5,BGR,56.6,-76.2,BGR_A_Small
SRR1515999,Canada,North America,Canada: Kuujjuarapik,Quebec sporadic permafrost zone,Pan-Arctic,0.5,BGR,56.6,-76.216,BGR_B_Small
SRR1516000,Canada,North America,Canada: Kuujjuarapik,Quebec sporadic permafrost zone,Pan-Arctic,0.5,BGR,56.6,-76.215,BGR_C_Small
SRR1516001,Canada,North America,Canada: Kuujjuarapik,Quebec sporadic permafrost zone,Pan-Arctic,0.5,BGR,56.6,-76.214,BGR_D_Small
SRR1516002,Canada,North America,Canada: Kuujjuarapik,Quebec sporadic permafrost zone,Pan-Arctic,0.5,BGR,56.6,-76.2141,BGR_F_Small
SRR1516003,Canada,North America,Canada: Kuujjuarapik,Quebec sporadic permafrost zone,Pan-Arctic,0.5,BGR,56.6,-76.217,BGR_G_Small
SRR1516004,Canada,North America,Canada: Kuujjuarapik,Quebec sporadic permafrost zone,Pan-Arctic,0.5,BGR,56.6,-76.2166,BGR_H_Small
SRR1516005,Canada,North America,Canada: Kuujjuarapik,Quebec sporadic permafrost zone,Pan-Arctic,0.5,KWK,56.6,-76.2163,KWK_1_Small
SRR1516006,Canada,North America,Canada: Kuujjuarapik,Quebec sporadic permafrost zone,Pan-Arctic,0.5,KWK,55.3,-77.5,KWK_11_Small
SRR1516007,Canada,North America,Canada: Kuujjuarapik,Quebec sporadic permafrost zone,Pan-Arctic,0.5,KWK,55.3,-77.503,KWK_12_Small
SRR1516008,Canada,North America,Canada: Kuujjuarapik,Quebec sporadic permafrost zone,Pan-Arctic,0.5,KWK,55.3,-77.504,KWK_17_Small
SRR1516009,Canada,North America,Canada: Kuujjuarapik,Quebec sporadic permafrost zone,Pan-Arctic,0.5,KWK,55.329,-77.503,KWK_19_Small
SRR1516010,Canada,North America,Canada: Kuujjuarapik,Quebec sporadic permafrost zone,Pan-Arctic,0.5,KWK,55.329,-77.504,KWK_22_Small
SRR1516011,Canada,North America,Canada: Kuujjuarapik,Quebec sporadic permafrost zone,Pan-Arctic,0.5,KWK,55.332,-77.503,KWK_23_Small
SRR1516012,Canada,North America,Canada: Kuujjuarapik,Quebec sporadic permafrost zone,Pan-Arctic,0.5,KWK,55.332,-77.502,KWK_33_Small
SRR1516013,Canada,North America,Canada: Kuujjuarapik,Quebec sporadic permafrost zone,Pan-Arctic,0.5,KWK,55.332,-77.502,KWK_6_Small
SRR1516014,Canada,North America,Canada: Kuujjuarapik,Quebec sporadic permafrost zone,Pan-Arctic,0.5,KWK,55.332,-77.5021,KWK_7_Small
SRR1516015,Canada,North America,Canada: Kuujjuarapik,Quebec sporadic permafrost zone,Pan-Arctic,0.5,SAS,55.332,-77.504,SAS_1a_Small
SRR1516016,Canada,North America,Canada: Kuujjuarapik,Quebec sporadic permafrost zone,Pan-Arctic,0.5,SAS,55.219,-77.708,SAS_1b_Small
SRR1516017,Canada,North America,Canada: Kuujjuarapik,Quebec sporadic permafrost zone,Pan-Arctic,0.5,SAS,55.219,-77.708,SAS_2b_Small
SRR1516018,Canada,North America,Canada: Kuujjuarapik,Quebec sporadic permafrost zone,Pan-Arctic,0.5,SAS,55.225,-77.696,SAS_2c_Small
SRR1516019,Canada,North America,Canada: Kuujjuarapik,Quebec sporadic permafrost zone,Pan-Arctic,0.5,SAS,55.225,-77.695,SAS_1e_Small
SRR1516020,Canada,North America,Canada: Kuujjuarapik,Quebec sporadic permafrost zone,Pan-Arctic,0.5,SAS,55.218,-77.707,SAS_1h_Small
SRR1516021,Canada,North America,Canada: Kuujjuarapik,Quebec sporadic permafrost zone,Pan-Arctic,0.5,NAS,55.219,-77.707,NAS_A_Small
SRR1516022,Canada,North America,Canada: Kuujjuarapik,Quebec sporadic permafrost zone,Pan-Arctic,0.5,NAS,56.923,-76.378,NAS_B_Small
SRR1516023,Canada,North America,Canada: Kuujjuarapik,Quebec sporadic permafrost zone,Pan-Arctic,0.5,NAS,56.923,-76.379,NAS_C_Small
SRR1516024,Canada,North America,Canada: Kuujjuarapik,Quebec sporadic permafrost zone,Pan-Arctic,0.5,NAS,56.922,-76.379,NAS_D_Small
SRR1516025,Canada,North America,Canada: Kuujjuarapik,Quebec sporadic permafrost zone,Pan-Arctic,0.5,NAS,56.923,-76.38,NAS_E_Small
SRR1516026,Canada,North America,Canada: Kuujjuarapik,Quebec sporadic permafrost zone,Pan-Arctic,0.5,NAS,56.924,-76.377,NAS_F_Small
SRR1516027,Canada,North America,Canada: Kujjuarapik,Quebec sporadic permafrost zone,Pan-Arctic,0.5,NAS,56.923,-76.379,NAS_G_Small
SRR1516028,Canada,North America,Canada: Kuujjuarapik,Quebec sporadic permafrost zone,Pan-Arctic,0.5,NAS,56.923,-76.38,NAS_H_Small
SRR1516029,Canada,North America,Canada: Kuujjuarapik,Quebec sporadic permafrost zone,Pan-Arctic,0.5,NAS,56.924,-76.377,NAS_I_Small
SRR1516030,Canada,North America,Canada: Kuujjuarapik,Quebec sporadic permafrost zone,Pan-Arctic,0.5,BGR,56.923,-76.3772,BGR_E_Small
SRR1661117,Canada,North America,Canada:Kuujjuarapick,Quebec sporadic permafrost zone,Pan-Arctic,0,KWK,55.33,-77.5,KWK_6_Small_Surface
SRR1661122,Canada,North America,Canada:Kuujjuarapick,Quebec sporadic permafrost zone,Pan-Arctic,0,SAS,55.22,-77.69,SAS_2A_Small_Surface
SRR1661124,Canada,North America,Canada:Kuujjuarapick,Quebec sporadic permafrost zone,Pan-Arctic,0,SAS,55.23,-77.7,SAS_2B_Small_Surface
SRR1661126,Canada,North America,Canada:Umiuaq,Quebec sporadic permafrost zone,Pan-Arctic,0,BGR,56.61,-76.22,BGR_2_Small_Surface
SRR1661129,Canada,North America,Canada:Kuujjuarapick,Quebec sporadic permafrost zone,Pan-Arctic,0,KWK,55.33,-77.5,KWK_23_Small_Surface
SRR1661131,Canada,North America,Canada:Kuujjuarapick,Quebec sporadic permafrost zone,Pan-Arctic,0,KWK,55.33,-77.5,KWK_6_Large_Surface
SRR1661132,Canada,North America,Canada:Umiuaq,Quebec sporadic permafrost zone,Pan-Arctic,0,BGR,56.61,-76.21,BGR_1_Large_Surface
SRR1661136,Canada,North America,Canada:Umiuaq,Quebec sporadic permafrost zone,Pan-Arctic,0,BGR,56.61,-76.21,BGR_1_Small_Surface
SRR1661137,Canada,North America,Canada:Kuujjuarapick,Quebec sporadic permafrost zone,Pan-Arctic,0,KWK,55.27,-77.77,KWK_1_Small_Surface
SRR1661139,Canada,North America,Canada:Kuujjuarapick,Quebec sporadic permafrost zone,Pan-Arctic,0,SAS,55.23,-77.7,SAS_2B_Large_Surface
SRR1661141,Canada,North America,Canada:Umiuaq,Quebec sporadic permafrost zone,Pan-Arctic,0,BGR,56.61,-76.22,BGR_2_Large_Surface
SRR1661143,Canada,North America,Canada:Kuujjuarapick,Quebec sporadic permafrost zone,Pan-Arctic,0,KWK,55.33,-77.5,KWK_1_Large_Surface
SRR1661145,Canada,North America,Canada:Kuujjuarapick,Quebec sporadic permafrost zone,Pan-Arctic,0,SAS,55.22,-77.71,SAS_1B_Small_Surface
SRR1661146,Canada,North America,Canada:Umiuaq,Quebec sporadic permafrost zone,Pan-Arctic,0,NAS,56.92,-76.38,NAS_H_Small_Surface
SRR1005844,Canada,North America,Canada: Bylot Island,Bylot Island,Pan-Arctic,0-0.025,BI,73.15,-79.97,Bylot thaw pond water bacteria
SRR1005845,Canada,North America,Canada: Bylot Island,Bylot Island,Pan-Arctic,0-0.025,BI,73.15,-79.97,Bylot thaw pond water bacteria
SRR1005846,Canada,North America,Canada: Bylot Island,Bylot Island,Pan-Arctic,0-0.025,BI,73.15,-79.97,Bylot thaw pond water bacteria
SRR1005847,Canada,North America,Canada: Bylot Island,Bylot Island,Pan-Arctic,0-0.025,BI,73.15,-79.97,Bylot thaw pond water bacteria
SRR965654,Canada,North America,Canada: Bylot Island,Bylot Island,Pan-Arctic,0-0.025,BI,73.15,-79.97,Bylot thaw pond water bacteria
ERR3265536,Greenland,North America,Greenland,Greenland,Pan-Arctic,0.01,GI,67.15,-50.07942,DWP1_Bacteria
ERR3265537,Greenland,North America,Greenland,Greenland,Pan-Arctic,0.01,GI,67.15,-50.07942,DWP2_Bacteria
ERR3265538,Greenland,North America,Greenland,Greenland,Pan-Arctic,0.01,GI,67.15,-50.07942,DWP3_Bacteria
ERR3265554,Greenland,North America,Greenland,Greenland,Pan-Arctic,10,GI,67.13,-50.17968,TLM1_Bacteria
ERR3265555,Greenland,North America,Greenland,Greenland,Pan-Arctic,10,GI,67.13,-50.17968,TLM2_Bacteria
ERR3265556,Greenland,North America,Greenland,Greenland,Pan-Arctic,10,GI,67.13,-50.17968,TLM3_Bacteria
ERR3265557,Greenland,North America,Greenland,Greenland,Pan-Arctic,0.02,GI,67.13,-50.1782,TLU1_Bacteria
ERR3265558,Greenland,North America,Greenland,Greenland,Pan-Arctic,0.02,GI,67.13,-50.1782,TLU2_Bacteria
ERR3265559,Greenland,North America,Greenland,Greenland,Pan-Arctic,0.02,GI,67.13,-50.1782,TLU3_Bacteria
Z1.H1,China,Asia,Tibet,Tibet Plateau,Tibet Plateau,16.47,Z1,37.76445,100.7974611,Z1.H1
Z1.H2,China,Asia,Tibet,Tibet Plateau,Tibet Plateau,23.3,Z1,37.76445,100.7974611,Z1.H2
Z1.H3,China,Asia,Tibet,Tibet Plateau,Tibet Plateau,17.5,Z1,37.76445,100.7974611,Z1.H3
Z1.H4,China,Asia,Tibet,Tibet Plateau,Tibet Plateau,6.23,Z1,37.76445,100.7974611,Z1.H4
Z10.H1,China,Asia,Tibet,Tibet Plateau,Tibet Plateau,10.83,Z10,35.35496111,93.35838889,Z10.H1
Z10.H2,China,Asia,Tibet,Tibet Plateau,Tibet Plateau,11.9,Z10,35.35496111,93.35838889,Z10.H2
Z10.H3,China,Asia,Tibet,Tibet Plateau,Tibet Plateau,9.3,Z10,35.35496111,93.35838889,Z10.H3
Z10.H4,China,Asia,Tibet,Tibet Plateau,Tibet Plateau,14.93,Z10,35.35496111,93.35838889,Z10.H4
Z11.H1,China,Asia,Tibet,Tibet Plateau,Tibet Plateau,27.37,Z11,35.20536667,93.10117778,Z11.H1
Z11.H2,China,Asia,Tibet,Tibet Plateau,Tibet Plateau,21.67,Z11,35.20536667,93.10117778,Z11.H2
Z11.H3,China,Asia,Tibet,Tibet Plateau,Tibet Plateau,29.43,Z11,35.20536667,93.10117778,Z11.H3
Z11.H4,China,Asia,Tibet,Tibet Plateau,Tibet Plateau,32.5,Z11,35.20536667,93.10117778,Z11.H4
Z12.H1,China,Asia,Tibet,Tibet Plateau,Tibet Plateau,29.5,Z12,35.10845278,93.03587778,Z12.H1
Z12.H2,China,Asia,Tibet,Tibet Plateau,Tibet Plateau,26.1,Z12,35.10845278,93.03587778,Z12.H2
Z12.H3,China,Asia,Tibet,Tibet Plateau,Tibet Plateau,48.4,Z12,35.10845278,93.03587778,Z12.H3
Z12.H4,China,Asia,Tibet,Tibet Plateau,Tibet Plateau,47.7,Z12,35.10845278,93.03587778,Z12.H4
Z13.H1,China,Asia,Tibet,Tibet Plateau,Tibet Plateau,122,Z13,34.98304722,92.99610833,Z13.H1
Z13.H2,China,Asia,Tibet,Tibet Plateau,Tibet Plateau,9.87,Z13,34.98304722,92.99610833,Z13.H2
Z13.H3,China,Asia,Tibet,Tibet Plateau,Tibet Plateau,13.2,Z13,34.98304722,92.99610833,Z13.H3
Z13.H4,China,Asia,Tibet,Tibet Plateau,Tibet Plateau,30.57,Z13,34.98304722,92.99610833,Z13.H4
Z14.H1,China,Asia,Tibet,Tibet Plateau,Tibet Plateau,14.3,Z14,34.89500556,92.94111389,Z14.H1
Z14.H2,China,Asia,Tibet,Tibet Plateau,Tibet Plateau,16.4,Z14,34.89500556,92.94111389,Z14.H2
Z14.H3,China,Asia,Tibet,Tibet Plateau,Tibet Plateau,21.27,Z14,34.89500556,92.94111389,Z14.H3
Z14.H4,China,Asia,Tibet,Tibet Plateau,Tibet Plateau,36.27,Z14,34.89500556,92.94111389,Z14.H4
Z15.H1,China,Asia,Tibet,Tibet Plateau,Tibet Plateau,44.73,Z15,34.82599444,92.94858333,Z15.H1
Z15.H2,China,Asia,Tibet,Tibet Plateau,Tibet Plateau,35.57,Z15,34.82599444,92.94858333,Z15.H2
Z15.H3,China,Asia,Tibet,Tibet Plateau,Tibet Plateau,19,Z15,34.82599444,92.94858333,Z15.H3
Z15.H4,China,Asia,Tibet,Tibet Plateau,Tibet Plateau,25.47,Z15,34.82599444,92.94858333,Z15.H4
Z15.H5,China,Asia,Tibet,Tibet Plateau,Tibet Plateau,17.33,Z15,34.82599444,92.94858333,Z15.H5
Z16.H1,China,Asia,Tibet,Tibet Plateau,Tibet Plateau,10.4,Z16,34.4648,92.72076944,Z16.H1
Z16.H2,China,Asia,Tibet,Tibet Plateau,Tibet Plateau,31.3,Z16,34.4648,92.72076944,Z16.H2
Z16.H3,China,Asia,Tibet,Tibet Plateau,Tibet Plateau,16.47,Z16,34.4648,92.72076944,Z16.H3
Z16.H4,China,Asia,Tibet,Tibet Plateau,Tibet Plateau,23.4,Z16,34.4648,92.72076944,Z16.H4
Z17.H1,China,Asia,Tibet,Tibet Plateau,Tibet Plateau,30.17,Z17,34.38382222,92.82587778,Z17.H1
Z17.H2,China,Asia,Tibet,Tibet Plateau,Tibet Plateau,16.3,Z17,34.38382222,92.82587778,Z17.H2
Z17.H3,China,Asia,Tibet,Tibet Plateau,Tibet Plateau,25.4,Z17,34.38382222,92.82587778,Z17.H3
Z17.H4,China,Asia,Tibet,Tibet Plateau,Tibet Plateau,78.17,Z17,34.38382222,92.82587778,Z17.H4
Z18.H1,China,Asia,Tibet,Tibet Plateau,Tibet Plateau,33.23,Z18,34.29016389,92.99989167,Z18.H1
Z18.H2,China,Asia,Tibet,Tibet Plateau,Tibet Plateau,30.93,Z18,34.29016389,92.99989167,Z18.H2
Z18.H3,China,Asia,Tibet,Tibet Plateau,Tibet Plateau,15.23,Z18,34.29016389,92.99989167,Z18.H3
Z18.H4,China,Asia,Tibet,Tibet Plateau,Tibet Plateau,13.07,Z18,34.29016389,92.99989167,Z18.H4
Z19.H1,China,Asia,Tibet,Tibet Plateau,Tibet Plateau,22.57,Z19,34.29619444,92.66286944,Z19.H1
Z19.H2,China,Asia,Tibet,Tibet Plateau,Tibet Plateau,21.87,Z19,34.29619444,92.66286944,Z19.H2
Z19.H3,China,Asia,Tibet,Tibet Plateau,Tibet Plateau,17.3,Z19,34.29619444,92.66286944,Z19.H3
Z19.H4,China,Asia,Tibet,Tibet Plateau,Tibet Plateau,20.13,Z19,34.29619444,92.66286944,Z19.H4
Z2.H1,China,Asia,Tibet,Tibet Plateau,Tibet Plateau,15.63,Z2,37.72274167,100.5625417,Z2.H1
Z2.H2,China,Asia,Tibet,Tibet Plateau,Tibet Plateau,17.27,Z2,37.72274167,100.5625417,Z2.H2
Z2.H3,China,Asia,Tibet,Tibet Plateau,Tibet Plateau,24.5,Z2,37.72274167,100.5625417,Z2.H3
Z2.H4,China,Asia,Tibet,Tibet Plateau,Tibet Plateau,16.77,Z2,37.72274167,100.5625417,Z2.H4
Z20.H1,China,Asia,Tibet,Tibet Plateau,Tibet Plateau,26.8,Z20,34.27698056,92.48201389,Z20.H1
Z20.H2,China,Asia,Tibet,Tibet Plateau,Tibet Plateau,27.17,Z20,34.27698056,92.48201389,Z20.H2
Z20.H3,China,Asia,Tibet,Tibet Plateau,Tibet Plateau,36.1,Z20,34.27698056,92.48201389,Z20.H3
Z20.H4,China,Asia,Tibet,Tibet Plateau,Tibet Plateau,39.1,Z20,34.27698056,92.48201389,Z20.H4
Z21.H1,China,Asia,Tibet,Tibet Plateau,Tibet Plateau,36.8,Z21,34.11014722,92.39175,Z21.H1
Z21.H2,China,Asia,Tibet,Tibet Plateau,Tibet Plateau,48.8,Z21,34.11014722,92.39175,Z21.H2
Z21.H3,China,Asia,Tibet,Tibet Plateau,Tibet Plateau,31.13,Z21,34.11014722,92.39175,Z21.H3
Z21.H4,China,Asia,Tibet,Tibet Plateau,Tibet Plateau,44.6,Z21,34.11014722,92.39175,Z21.H4
Z22.H1,China,Asia,Tibet,Tibet Plateau,Tibet Plateau,20.87,Z22,34.06011111,92.31974167,Z22.H1
Z22.H2,China,Asia,Tibet,Tibet Plateau,Tibet Plateau,14.17,Z22,34.06011111,92.31974167,Z22.H2
Z22.H3,China,Asia,Tibet,Tibet Plateau,Tibet Plateau,13.2,Z22,34.06011111,92.31974167,Z22.H3
Z22.H4,China,Asia,Tibet,Tibet Plateau,Tibet Plateau,11.83,Z22,34.06011111,92.31974167,Z22.H4
Z23.H1,China,Asia,Tibet,Tibet Plateau,Tibet Plateau,17.67,Z23,33.8441,92.35836,Z23.H1
Z23.H2,China,Asia,Tibet,Tibet Plateau,Tibet Plateau,23.4,Z23,33.8441,92.35836,Z23.H2
Z23.H3,China,Asia,Tibet,Tibet Plateau,Tibet Plateau,16.97,Z23,33.8441,92.35836,Z23.H3
Z23.H4,China,Asia,Tibet,Tibet Plateau,Tibet Plateau,21.63,Z23,33.8441,92.35836,Z23.H4
Z24.H1,China,Asia,Tibet,Tibet Plateau,Tibet Plateau,30.23,Z24,33.745276,92.17572,Z24.H1
Z24.H2,China,Asia,Tibet,Tibet Plateau,Tibet Plateau,27.67,Z24,33.745276,92.17572,Z24.H2
Z24.H3,China,Asia,Tibet,Tibet Plateau,Tibet Plateau,26.93,Z24,33.745276,92.17572,Z24.H3
Z24.H4,China,Asia,Tibet,Tibet Plateau,Tibet Plateau,18.77,Z24,33.745276,92.17572,Z24.H4
Z25.H1,China,Asia,Tibet,Tibet Plateau,Tibet Plateau,67.9,Z25,32.68784722,91.87671111,Z25.H1
Z25.H2,China,Asia,Tibet,Tibet Plateau,Tibet Plateau,44.37,Z25,32.68784722,91.87671111,Z25.H2
Z25.H3,China,Asia,Tibet,Tibet Plateau,Tibet Plateau,42.53,Z25,32.68784722,91.87671111,Z25.H3
Z25.H4,China,Asia,Tibet,Tibet Plateau,Tibet Plateau,28.83,Z25,32.68784722,91.87671111,Z25.H4
Z26.H1,China,Asia,Tibet,Tibet Plateau,Tibet Plateau,24.47,Z26,32.57216111,91.85865556,Z26.H1
Z26.H2,China,Asia,Tibet,Tibet Plateau,Tibet Plateau,43.3,Z26,32.57216111,91.85865556,Z26.H2
Z26.H3,China,Asia,Tibet,Tibet Plateau,Tibet Plateau,45.17,Z26,32.57216111,91.85865556,Z26.H3
Z26.H4,China,Asia,Tibet,Tibet Plateau,Tibet Plateau,26.5,Z26,32.57216111,91.85865556,Z26.H4
Z27.H1,China,Asia,Tibet,Tibet Plateau,Tibet Plateau,28.37,Z27,32.900936,91.94164,Z27.H1
Z27.H2,China,Asia,Tibet,Tibet Plateau,Tibet Plateau,14.83,Z27,32.900936,91.94164,Z27.H2
Z27.H3,China,Asia,Tibet,Tibet Plateau,Tibet Plateau,19.2,Z27,32.900936,91.94164,Z27.H3
Z27.H4,China,Asia,Tibet,Tibet Plateau,Tibet Plateau,32.63,Z27,32.900936,91.94164,Z27.H4
Z27.H5,China,Asia,Tibet,Tibet Plateau,Tibet Plateau,17.47,Z27,32.900936,91.94164,Z27.H5
Z28.H1,China,Asia,Tibet,Tibet Plateau,Tibet Plateau,17.9,Z28,32.41256944,91.80465278,Z28.H1
Z28.H2,China,Asia,Tibet,Tibet Plateau,Tibet Plateau,17.6,Z28,32.41256944,91.80465278,Z28.H2
Z28.H3,China,Asia,Tibet,Tibet Plateau,Tibet Plateau,21.47,Z28,32.41256944,91.80465278,Z28.H3
Z28.H4,China,Asia,Tibet,Tibet Plateau,Tibet Plateau,22.87,Z28,32.41256944,91.80465278,Z28.H4
Z29.H1,China,Asia,Tibet,Tibet Plateau,Tibet Plateau,35.5,Z29,32.785564,91.90328,Z29.H1
Z29.H2,China,Asia,Tibet,Tibet Plateau,Tibet Plateau,36,Z29,32.785564,91.90328,Z29.H2
Z29.H3,China,Asia,Tibet,Tibet Plateau,Tibet Plateau,31.97,Z29,32.785564,91.90328,Z29.H3
Z29.H4,China,Asia,Tibet,Tibet Plateau,Tibet Plateau,37.5,Z29,32.785564,91.90328,Z29.H4
Z3.H1,China,Asia,Tibet,Tibet Plateau,Tibet Plateau,11.77,Z3,38.82809722,98.97344722,Z3.H1
Z3.H2,China,Asia,Tibet,Tibet Plateau,Tibet Plateau,13.17,Z3,38.82809722,98.97344722,Z3.H2
Z3.H3,China,Asia,Tibet,Tibet Plateau,Tibet Plateau,17.23,Z3,38.82809722,98.97344722,Z3.H3
Z3.H4,China,Asia,Tibet,Tibet Plateau,Tibet Plateau,24.17,Z3,38.82809722,98.97344722,Z3.H4
Z30.H1,China,Asia,Tibet,Tibet Plateau,Tibet Plateau,30.17,Z30,32.088425,91.672575,Z30.H1
Z30.H2,China,Asia,Tibet,Tibet Plateau,Tibet Plateau,38.67,Z30,32.088425,91.672575,Z30.H2
Z30.H3,China,Asia,Tibet,Tibet Plateau,Tibet Plateau,25.5,Z30,32.088425,91.672575,Z30.H3
Z30.H4,China,Asia,Tibet,Tibet Plateau,Tibet Plateau,33.83,Z30,32.088425,91.672575,Z30.H4
Z31.H1,China,Asia,Tibet,Tibet Plateau,Tibet Plateau,32.03,Z31,31.558526,91.940592,Z31.H1
Z31.H2,China,Asia,Tibet,Tibet Plateau,Tibet Plateau,25.5,Z31,31.558526,91.940592,Z31.H2
Z31.H3,China,Asia,Tibet,Tibet Plateau,Tibet Plateau,31.83,Z31,31.558526,91.940592,Z31.H3
Z31.H4,China,Asia,Tibet,Tibet Plateau,Tibet Plateau,27.83,Z31,31.558526,91.940592,Z31.H4
Z31.H5,China,Asia,Tibet,Tibet Plateau,Tibet Plateau,27.17,Z31,31.558526,91.940592,Z31.H5
Z32.H1,China,Asia,Tibet,Tibet Plateau,Tibet Plateau,46.5,Z32,31.17636111,91.76211944,Z32.H1
Z32.H2,China,Asia,Tibet,Tibet Plateau,Tibet Plateau,44.23,Z32,31.17636111,91.76211944,Z32.H2
Z32.H3,China,Asia,Tibet,Tibet Plateau,Tibet Plateau,35,Z32,31.17636111,91.76211944,Z32.H3
Z32.H4,China,Asia,Tibet,Tibet Plateau,Tibet Plateau,38.67,Z32,31.17636111,91.76211944,Z32.H4
Z33.H1,China,Asia,Tibet,Tibet Plateau,Tibet Plateau,50.07,Z33,31.30514722,91.836175,Z33.H1
Z33.H2,China,Asia,Tibet,Tibet Plateau,Tibet Plateau,38.4,Z33,31.30514722,91.836175,Z33.H2
Z33.H3,China,Asia,Tibet,Tibet Plateau,Tibet Plateau,26.7,Z33,31.30514722,91.836175,Z33.H3
Z33.H4,China,Asia,Tibet,Tibet Plateau,Tibet Plateau,35.1,Z33,31.30514722,91.836175,Z33.H4
Z34.H1,China,Asia,Tibet,Tibet Plateau,Tibet Plateau,29.67,Z34,31.64054444,92.06413333,Z34.H1
Z34.H2,China,Asia,Tibet,Tibet Plateau,Tibet Plateau,20.23,Z34,31.64054444,92.06413333,Z34.H2
Z34.H3,China,Asia,Tibet,Tibet Plateau,Tibet Plateau,19.73,Z34,31.64054444,92.06413333,Z34.H3
Z34.H4,China,Asia,Tibet,Tibet Plateau,Tibet Plateau,31.4,Z34,31.64054444,92.06413333,Z34.H4
Z35.H1,China,Asia,Tibet,Tibet Plateau,Tibet Plateau,30.8,Z35,31.84295,92.08031667,Z35.H1
Z35.H2,China,Asia,Tibet,Tibet Plateau,Tibet Plateau,27.33,Z35,31.84295,92.08031667,Z35.H2
Z35.H3,China,Asia,Tibet,Tibet Plateau,Tibet Plateau,11.5,Z35,31.84295,92.08031667,Z35.H3
Z35.H4,China,Asia,Tibet,Tibet Plateau,Tibet Plateau,24.17,Z35,31.84295,92.08031667,Z35.H4
Z36.H1,China,Asia,Tibet,Tibet Plateau,Tibet Plateau,37.73,Z36,31.366984,91.986672,Z36.H1
Z36.H2,China,Asia,Tibet,Tibet Plateau,Tibet Plateau,30.63,Z36,31.366984,91.986672,Z36.H2
Z36.H3,China,Asia,Tibet,Tibet Plateau,Tibet Plateau,25.83,Z36,31.366984,91.986672,Z36.H3
Z36.H4,China,Asia,Tibet,Tibet Plateau,Tibet Plateau,34.43,Z36,31.366984,91.986672,Z36.H4
Z37.H1,China,Asia,Tibet,Tibet Plateau,Tibet Plateau,32.77,Z37,31.72627778,91.80868056,Z37.H1
Z37.H2,China,Asia,Tibet,Tibet Plateau,Tibet Plateau,47.1,Z37,31.72627778,91.80868056,Z37.H2
Z37.H3,China,Asia,Tibet,Tibet Plateau,Tibet Plateau,26.77,Z37,31.72627778,91.80868056,Z37.H3
Z37.H4,China,Asia,Tibet,Tibet Plateau,Tibet Plateau,23.57,Z37,31.72627778,91.80868056,Z37.H4
Z38.H1,China,Asia,Tibet,Tibet Plateau,Tibet Plateau,39.67,Z38,34.91847222,98.51706667,Z38.H1
Z38.H2,China,Asia,Tibet,Tibet Plateau,Tibet Plateau,45.47,Z38,34.91847222,98.51706667,Z38.H2
Z38.H3,China,Asia,Tibet,Tibet Plateau,Tibet Plateau,31.57,Z38,34.91847222,98.51706667,Z38.H3
Z38.H4,China,Asia,Tibet,Tibet Plateau,Tibet Plateau,29.6,Z38,34.91847222,98.51706667,Z38.H4
Z39.H1,China,Asia,Tibet,Tibet Plateau,Tibet Plateau,31.33,Z39,34.71901667,99.08158333,Z39.H1
Z39.H2,China,Asia,Tibet,Tibet Plateau,Tibet Plateau,13.9,Z39,34.71901667,99.08158333,Z39.H2
Z39.H3,China,Asia,Tibet,Tibet Plateau,Tibet Plateau,28.13,Z39,34.71901667,99.08158333,Z39.H3
Z39.H4,China,Asia,Tibet,Tibet Plateau,Tibet Plateau,24.4,Z39,34.71901667,99.08158333,Z39.H4
Z40.H1,China,Asia,Tibet,Tibet Plateau,Tibet Plateau,38.73,Z40,34.76693056,98.11316667,Z40.H1
Z40.H2,China,Asia,Tibet,Tibet Plateau,Tibet Plateau,23.53,Z40,34.76693056,98.11316667,Z40.H2
Z40.H3,China,Asia,Tibet,Tibet Plateau,Tibet Plateau,30.77,Z40,34.76693056,98.11316667,Z40.H3
Z40.H4,China,Asia,Tibet,Tibet Plateau,Tibet Plateau,46.47,Z40,34.76693056,98.11316667,Z40.H4
Z41.H1,China,Asia,Tibet,Tibet Plateau,Tibet Plateau,40.7,Z41,34.58252778,97.99160278,Z41.H1
Z41.H2,China,Asia,Tibet,Tibet Plateau,Tibet Plateau,40.8,Z41,34.58252778,97.99160278,Z41.H2
Z41.H3,China,Asia,Tibet,Tibet Plateau,Tibet Plateau,39.57,Z41,34.58252778,97.99160278,Z41.H3
Z41.H4,China,Asia,Tibet,Tibet Plateau,Tibet Plateau,32.1,Z41,34.58252778,97.99160278,Z41.H4
Z42.H1,China,Asia,Tibet,Tibet Plateau,Tibet Plateau,30.43,Z42,34.24403056,97.84098333,Z42.H1
Z42.H2,China,Asia,Tibet,Tibet Plateau,Tibet Plateau,18.67,Z42,34.24403056,97.84098333,Z42.H2
Z42.H3,China,Asia,Tibet,Tibet Plateau,Tibet Plateau,17.87,Z42,34.24403056,97.84098333,Z42.H3
Z42.H4,China,Asia,Tibet,Tibet Plateau,Tibet Plateau,13.87,Z42,34.24403056,97.84098333,Z42.H4
Z43.H1,China,Asia,Tibet,Tibet Plateau,Tibet Plateau,24.53,Z43,34.43639444,97.94691944,Z43.H1
Z43.H2,China,Asia,Tibet,Tibet Plateau,Tibet Plateau,28.13,Z43,34.43639444,97.94691944,Z43.H2
Z43.H3,China,Asia,Tibet,Tibet Plateau,Tibet Plateau,25.97,Z43,34.43639444,97.94691944,Z43.H3
Z43.H4,China,Asia,Tibet,Tibet Plateau,Tibet Plateau,32.1,Z43,34.43639444,97.94691944,Z43.H4
Z44.H1,China,Asia,Tibet,Tibet Plateau,Tibet Plateau,64.33,Z44,34.67236944,98.09344444,Z44.H1
Z44.H2,China,Asia,Tibet,Tibet Plateau,Tibet Plateau,40.67,Z44,34.67236944,98.09344444,Z44.H2
Z44.H3,China,Asia,Tibet,Tibet Plateau,Tibet Plateau,72.2,Z44,34.67236944,98.09344444,Z44.H3
Z44.H4,China,Asia,Tibet,Tibet Plateau,Tibet Plateau,48.83,Z44,34.67236944,98.09344444,Z44.H4
Z45.H1,China,Asia,Tibet,Tibet Plateau,Tibet Plateau,49.27,Z45,34.81506944,98.38938889,Z45.H1
Z45.H2,China,Asia,Tibet,Tibet Plateau,Tibet Plateau,31.77,Z45,34.81506944,98.38938889,Z45.H2
Z45.H3,China,Asia,Tibet,Tibet Plateau,Tibet Plateau,33.33,Z45,34.81506944,98.38938889,Z45.H3
Z45.H4,China,Asia,Tibet,Tibet Plateau,Tibet Plateau,33.7,Z45,34.81506944,98.38938889,Z45.H4
Z46.H1,China,Asia,Tibet,Tibet Plateau,Tibet Plateau,53.23,Z46,34.55054167,99.14456389,Z46.H1
Z46.H2,China,Asia,Tibet,Tibet Plateau,Tibet Plateau,41.67,Z46,34.55054167,99.14456389,Z46.H2
Z46.H3,China,Asia,Tibet,Tibet Plateau,Tibet Plateau,39,Z46,34.55054167,99.14456389,Z46.H3
Z46.H4,China,Asia,Tibet,Tibet Plateau,Tibet Plateau,62.17,Z46,34.55054167,99.14456389,Z46.H4
Z47.H1,China,Asia,Tibet,Tibet Plateau,Tibet Plateau,68.17,Z47,34.130128,99.332976,Z47.H1
Z47.H2,China,Asia,Tibet,Tibet Plateau,Tibet Plateau,36.03,Z47,34.130128,99.332976,Z47.H2
Z47.H3,China,Asia,Tibet,Tibet Plateau,Tibet Plateau,63.57,Z47,34.130128,99.332976,Z47.H3
Z47.H4,China,Asia,Tibet,Tibet Plateau,Tibet Plateau,38.47,Z47,34.130128,99.332976,Z47.H4
Z48.H1,China,Asia,Tibet,Tibet Plateau,Tibet Plateau,35.63,Z48,34.26486944,99.201725,Z48.H1
Z48.H2,China,Asia,Tibet,Tibet Plateau,Tibet Plateau,15.97,Z48,34.26486944,99.201725,Z48.H2
Z48.H3,China,Asia,Tibet,Tibet Plateau,Tibet Plateau,12.1,Z48,34.26486944,99.201725,Z48.H3
Z48.H4,China,Asia,Tibet,Tibet Plateau,Tibet Plateau,17.13,Z48,34.26486944,99.201725,Z48.H4
Z5.H1,China,Asia,Tibet,Tibet Plateau,Tibet Plateau,22.2,Z5,38.18055556,100.2463889,Z5.H1
Z5.H2,China,Asia,Tibet,Tibet Plateau,Tibet Plateau,21.1,Z5,38.18055556,100.2463889,Z5.H2
Z5.H3,China,Asia,Tibet,Tibet Plateau,Tibet Plateau,21.33,Z5,38.18055556,100.2463889,Z5.H3
Z5.H4,China,Asia,Tibet,Tibet Plateau,Tibet Plateau,18.03,Z5,38.18055556,100.2463889,Z5.H4
Z6.H1,China,Asia,Tibet,Tibet Plateau,Tibet Plateau,19,Z6,37.9865,100.83132,Z6.H1
Z6.H2,China,Asia,Tibet,Tibet Plateau,Tibet Plateau,13.4,Z6,37.9865,100.83132,Z6.H2
Z6.H3,China,Asia,Tibet,Tibet Plateau,Tibet Plateau,17.67,Z6,37.9865,100.83132,Z6.H3
Z6.H4,China,Asia,Tibet,Tibet Plateau,Tibet Plateau,19.97,Z6,37.9865,100.83132,Z6.H4
Z8.H1,China,Asia,Tibet,Tibet Plateau,Tibet Plateau,35.37,Z8,35.44319167,93.59556111,Z8.H1
Z8.H2,China,Asia,Tibet,Tibet Plateau,Tibet Plateau,36.23,Z8,35.44319167,93.59556111,Z8.H2
Z8.H3,China,Asia,Tibet,Tibet Plateau,Tibet Plateau,240,Z8,35.44319167,93.59556111,Z8.H3
Z8.H4,China,Asia,Tibet,Tibet Plateau,Tibet Plateau,44.67,Z8,35.44319167,93.59556111,Z8.H4
Z8.H5,China,Asia,Tibet,Tibet Plateau,Tibet Plateau,71,Z8,35.44319167,93.59556111,Z8.H5
Z9.H1,China,Asia,Tibet,Tibet Plateau,Tibet Plateau,84.17,Z9,35.38131111,93.4487,Z9.H1
Z9.H2,China,Asia,Tibet,Tibet Plateau,Tibet Plateau,46.77,Z9,35.38131111,93.4487,Z9.H2
Z9.H3,China,Asia,Tibet,Tibet Plateau,Tibet Plateau,51.5,Z9,35.38131111,93.4487,Z9.H3
Z9.H4,China,Asia,Tibet,Tibet Plateau,Tibet Plateau,45.63,Z9,35.38131111,93.4487,Z9.H4
